x,empirical_density,theoretical_density,empirical_cdf,theoretical_cdf
0.08333333,0.00000000,0.47959473,0.00000000,0.07995559
0.25000000,0.00000000,0.44124845,0.00000000,0.15351828
0.41666667,0.00000000,0.40596817,0.00000000,0.22119922
0.58333333,0.00000000,0.37350875,0.00000000,0.28346869
0.75000000,0.00000000,0.34364464,0.00000000,0.34075937
0.91666667,0.00000000,0.31616833,0.00000000,0.39346934
1.08333333,0.50009994,0.29088891,0.08334999,0.44196485
1.25000000,0.48091145,0.26763071,0.16350190,0.48658288
1.41666667,0.50489706,0.24623214,0.24765141,0.52763345
1.58333333,0.49890066,0.22654451,0.33080152,0.56540179
1.75000000,0.50429742,0.20843101,0.41485109,0.60015035
1.91666667,0.52888267,0.19176579,0.50299820,0.63212056
2.08333333,0.49230462,0.17643304,0.58504897,0.66153457
2.25000000,0.50969418,0.16232623,0.66999800,0.68859678
2.41666667,0.50669598,0.14934734,0.75444733,0.71349520
2.58333333,0.49710174,0.13740619,0.83729762,0.73640286
2.75000000,0.49230462,0.12641980,0.91934839,0.75747893
2.91666667,0.48390965,0.11631183,1.00000000,0.77686984
3.08333333,0.00000000,0.10701205,1.00000000,0.79471034
3.25000000,0.00000000,0.09845584,1.00000000,0.81112440
3.41666667,0.00000000,0.09058374,1.00000000,0.82622606
3.58333333,0.00000000,0.08334107,1.00000000,0.84012025
3.75000000,0.00000000,0.07667748,1.00000000,0.85290353
3.91666667,0.00000000,0.07054669,1.00000000,0.86466472
4.08333333,0.00000000,0.06490609,1.00000000,0.87548553
4.25000000,0.00000000,0.05971648,1.00000000,0.88544116
4.41666667,0.00000000,0.05494182,1.00000000,0.89460078
4.58333333,0.00000000,0.05054891,1.00000000,0.90302803
4.75000000,0.00000000,0.04650724,1.00000000,0.91078148
4.91666667,0.00000000,0.04278873,1.00000000,0.91791500
5.08333333,0.00000000,0.03936753,1.00000000,0.92447816
5.25000000,0.00000000,0.03621988,1.00000000,0.93051655
5.41666667,0.00000000,0.03332390,1.00000000,0.93607214
5.58333333,0.00000000,0.03065947,1.00000000,0.94118353
5.75000000,0.00000000,0.02820807,1.00000000,0.94588623
5.91666667,0.00000000,0.02595268,1.00000000,0.95021293
6.08333333,0.00000000,0.02387762,1.00000000,0.95419369
6.25000000,0.00000000,0.02196847,1.00000000,0.95785616
6.41666667,0.00000000,0.02021197,1.00000000,0.96122579
6.58333333,0.00000000,0.01859591,1.00000000,0.96432601
6.75000000,0.00000000,0.01710906,1.00000000,0.96717834
6.91666667,0.00000000,0.01574109,1.00000000,0.96980262
7.08333333,0.00000000,0.01448251,1.00000000,0.97221707
7.25000000,0.00000000,0.01332455,1.00000000,0.97443847
7.41666667,0.00000000,0.01225918,1.00000000,0.97648225
7.58333333,0.00000000,0.01127899,1.00000000,0.97836263
7.75000000,0.00000000,0.01037717,1.00000000,0.98009266
7.91666667,0.00000000,0.00954746,1.00000000,0.98168436
8.08333333,0.00000000,0.00878408,1.00000000,0.98314880
8.25000000,0.00000000,0.00808175,1.00000000,0.98449615
8.41666667,0.00000000,0.00743557,1.00000000,0.98573577
8.58333333,0.00000000,0.00684105,1.00000000,0.98687627
8.75000000,0.00000000,0.00629407,1.00000000,0.98792559
8.91666667,0.00000000,0.00579082,1.00000000,0.98889100
9.08333333,0.00000000,0.00532782,1.00000000,0.98977923
9.25000000,0.00000000,0.00490183,1.00000000,0.99059644
9.41666667,0.00000000,0.00450990,1.00000000,0.99134830
9.58333333,0.00000000,0.00414931,1.00000000,0.99204006
9.75000000,0.00000000,0.00381755,1.00000000,0.99267650
9.91666667,0.00000000,0.00351231,1.00000000,0.99326205
